{
  "mae": 3.443763814273607,
  "r2": 0.9257701694463409,
  "n_train": 24000,
  "n_test": 6000
}